id_cliente,id_institucion,nombre_cliente,apellido_paterno,apellido_materno
20490687,1010,Sarah Collins,Romero,Spears
20490688,1010,Ashlee Durham,Nash,Patton
20490689,1010,Hashim Finley,Mccarty,Figueroa
20490690,1010,Taya Farrington,Meyers,Schultz
20490691,1010,Celia Cottrell,Perkins,Zimmerman
20490692,1010,Habibah Guerra,Brooks,White
20490693,1010,Aston Bull,Alexander,Serrano
20490694,1010,Yannis Callahan,Combs,Vaughan
20490695,1010,Kasper Rawlings,Stein,Holmes
20490696,1010,Kaeden Whitworth,Ingram,Gallegos
20490697,1010,Jade Dejesus,Wilkerson,Klein
20490698,1010,Alejandro Walton,Daugherty,Banks
20490699,1010,Mitchel Amos,Casey,Mccann
20490700,1020,Tiernan Bishop,Day,Nichols
20490701,1020,Edan Whitaker,Rice,Glass
20490702,1020,Leon Becker,Gibbs,Guerra
20490703,1020,Homer Hawes,Heath,Kaufman
20490704,1020,Musa Bowler,Castaneda,Randolph
20490705,1020,Poppy Brewer,Howe,Phelps
20490706,1020,Charmaine Amin,Costa,Webb
20490707,1020,Madiha Lowry,Pollard,Arellano
20490708,1020,Ritik Lawrence,Dennis,Faulkner
20490709,1020,Abid Carroll,Allison,Sanford
20490710,1020,Abdurrahman Cousins,Crane,Guzman
20490711,1020,Piers Paterson,Hampton,Haynes
20490712,1020,Renesmee Sharp,Briggs,Rivas
20490713,1030,Efe Southern,Bright,Pierce
20490714,1030,Shelby Mccullough,Oneal,Huynh
20490715,1030,Cole Hicks,House,Ingram
20490716,1030,Jayde Matthews,Hansen,Hughes
20490717,1030,Maariya Franks,Larsen,Rasmussen
20490718,1030,Tymoteusz Lynn,Wu,Holden
20490719,1030,Kimora Kearney,Barnes,Hinton
20490720,1030,Marcelina Traynor,Reilly,Alvarado
20490721,1030,Kacy Donovan,Mccullough,Fowler
20490722,1030,Frazer Corrigan,Huerta,Davies
20490723,1030,Kia Davis,Barrera,Stafford
20490724,1030,Raees Ellwood,Cox,Sanchez
20490725,1030,Ursula Levine,Richardson,Lutz
20490726,1040,Sydney Rooney,Riggs,Mcdonald
20490727,1040,Kirstin Mccabe,Barron,Huff
20490728,1040,Wallace Hayward,Schroeder,Hendricks
20490729,1040,Dario Peralta,Stephens,Rogers
20490730,1040,Asiya Robbins,Mcgrath,David
20490731,1040,Indigo Simpson,Berg,Mooney
20490732,1040,Maximillian Sharpe,Barajas,Butler
20490733,1040,Macauly Rios,Shelton,Peterson
20490734,1040,Jordan Correa,Bauer,Taylor
20490735,1040,Carolina Cobb,Villegas,Clay
20490736,1040,Nel Miller,Carr,Berry
20490737,NULL,Amina Rivas,Wilkinson,Price
20490738,NULL,Bonnie Myers,Todd,Grant
20490739,NULL,Jimi Green,Cooper,Hamilton
20490740,NULL,Estelle Davison,Marshall,Marshall
20490741,NULL,Jac Herring,Addis,Moss
20490742,NULL,Tanner Hodges,Abbot,Archer
20490743,NULL,Hannah Sheldon,Jeffery,Antcliff
20490744,NULL,Shawn Pemberton,Everett,Fisher
20490745,NULL,Lily-Anne Hurley,Plumb,Vernon
20490746,NULL,Abdul Mullen,Hastings,Lloyd
